INPUT:image_a	INPUT:image_b	GOLDEN:result
https://github.com/empty-kid/images_for_marking/blob/main/inference/DSC_1245_x1/DSC_1245_x1.png?raw=true	https://github.com/empty-kid/images_for_marking/blob/main/inference/DSC_1245_x1/flux1_kontext_dev___prompt_long___qwen3_vl@drealsr_centercrop_____LR_____DSC_1245_x1.png?raw=true	
https://github.com/empty-kid/images_for_marking/blob/main/inference/DSC_1245_x1/DSC_1245_x1.png?raw=true	https://github.com/empty-kid/images_for_marking/blob/main/inference/DSC_1245_x1/flux1_kontext_dev___prompt_short___qwen3_6@drealsr_centercrop_____LR_____DSC_1245_x1.png?raw=true	
https://github.com/empty-kid/images_for_marking/blob/main/inference/DSC_1245_x1/DSC_1245_x1.png?raw=true	https://github.com/empty-kid/images_for_marking/blob/main/inference/DSC_1245_x1/flux2_dev___prompt_medium___no_caption@drealsr_centercrop_____LR_____DSC_1245_x1.png?raw=true	
https://github.com/empty-kid/images_for_marking/blob/main/inference/DSC_1245_x1/DSC_1245_x1.png?raw=true	https://github.com/empty-kid/images_for_marking/blob/main/inference/DSC_1245_x1/flux2_dev___prompt_medium___qwen3_5@drealsr_centercrop_____LR_____DSC_1245_x1.png?raw=true	
https://github.com/empty-kid/images_for_marking/blob/main/inference/DSC_1245_x1/DSC_1245_x1.png?raw=true	https://github.com/empty-kid/images_for_marking/blob/main/inference/DSC_1245_x1/flux2_dev___prompt_supir___qwen3_vl@drealsr_centercrop_____LR_____DSC_1245_x1.png?raw=true	
https://github.com/empty-kid/images_for_marking/blob/main/inference/DSC_1245_x1/DSC_1245_x1.png?raw=true	https://github.com/empty-kid/images_for_marking/blob/main/inference/DSC_1245_x1/flux2_klein_base_4b___prompt_long___qwen3_vl@drealsr_centercrop_____LR_____DSC_1245_x1.png?raw=true	
https://github.com/empty-kid/images_for_marking/blob/main/inference/DSC_1245_x1/DSC_1245_x1.png?raw=true	https://github.com/empty-kid/images_for_marking/blob/main/inference/DSC_1245_x1/flux2_klein_base_4b___prompt_medium___no_caption@drealsr_centercrop_____LR_____DSC_1245_x1.png?raw=true	
https://github.com/empty-kid/images_for_marking/blob/main/inference/DSC_1245_x1/DSC_1245_x1.png?raw=true	https://github.com/empty-kid/images_for_marking/blob/main/inference/DSC_1245_x1/flux2_klein_base_4b___prompt_short___qwen3_6@drealsr_centercrop_____LR_____DSC_1245_x1.png?raw=true	
https://github.com/empty-kid/images_for_marking/blob/main/inference/DSC_1245_x1/DSC_1245_x1.png?raw=true	https://github.com/empty-kid/images_for_marking/blob/main/inference/DSC_1245_x1/flux2_klein_base_4b___prompt_supir___qwen3_5@drealsr_centercrop_____LR_____DSC_1245_x1.png?raw=true	
https://github.com/empty-kid/images_for_marking/blob/main/inference/DSC_1245_x1/DSC_1245_x1.png?raw=true	https://github.com/empty-kid/images_for_marking/blob/main/inference/DSC_1245_x1/flux2_klein_base_9b___prompt_long___qwen3_6@drealsr_centercrop_____LR_____DSC_1245_x1.png?raw=true	
https://github.com/empty-kid/images_for_marking/blob/main/inference/DSC_1245_x1/DSC_1245_x1.png?raw=true	https://github.com/empty-kid/images_for_marking/blob/main/inference/DSC_1245_x1/hunyuan_image_3_instruct___prompt_medium___no_caption@drealsr_centercrop_____LR_____DSC_1245_x1.png?raw=true	
https://github.com/empty-kid/images_for_marking/blob/main/inference/DSC_1245_x1/DSC_1245_x1.png?raw=true	https://github.com/empty-kid/images_for_marking/blob/main/inference/DSC_1245_x1/omnigen2___prompt_long___qwen3_6@drealsr_centercrop_____LR_____DSC_1245_x1.png?raw=true	
https://github.com/empty-kid/images_for_marking/blob/main/inference/DSC_1245_x1/DSC_1245_x1.png?raw=true	https://github.com/empty-kid/images_for_marking/blob/main/inference/DSC_1245_x1/omnigen2___prompt_long___qwen3_vl@drealsr_centercrop_____LR_____DSC_1245_x1.png?raw=true	
https://github.com/empty-kid/images_for_marking/blob/main/inference/DSC_1245_x1/DSC_1245_x1.png?raw=true	https://github.com/empty-kid/images_for_marking/blob/main/inference/DSC_1245_x1/omnigen2___prompt_supir___no_caption@drealsr_centercrop_____LR_____DSC_1245_x1.png?raw=true	
https://github.com/empty-kid/images_for_marking/blob/main/inference/DSC_1245_x1/DSC_1245_x1.png?raw=true	https://github.com/empty-kid/images_for_marking/blob/main/inference/DSC_1245_x1/qwen_image_2512_img2img___prompt_humanized___qwen3_6@drealsr_centercrop_____LR_____DSC_1245_x1.png?raw=true	
https://github.com/empty-kid/images_for_marking/blob/main/inference/DSC_1245_x1/DSC_1245_x1.png?raw=true	https://github.com/empty-kid/images_for_marking/blob/main/inference/DSC_1245_x1/qwen_image_2512_img2img___prompt_long___qwen3_5@drealsr_centercrop_____LR_____DSC_1245_x1.png?raw=true	
https://github.com/empty-kid/images_for_marking/blob/main/inference/DSC_1245_x1/DSC_1245_x1.png?raw=true	https://github.com/empty-kid/images_for_marking/blob/main/inference/DSC_1245_x1/qwen_image_2512_img2img___prompt_long___qwen3_vl@drealsr_centercrop_____LR_____DSC_1245_x1.png?raw=true	
https://github.com/empty-kid/images_for_marking/blob/main/inference/DSC_1245_x1/DSC_1245_x1.png?raw=true	https://github.com/empty-kid/images_for_marking/blob/main/inference/DSC_1245_x1/qwen_image_2512_img2img___prompt_medium___no_caption@drealsr_centercrop_____LR_____DSC_1245_x1.png?raw=true	
https://github.com/empty-kid/images_for_marking/blob/main/inference/DSC_1245_x1/DSC_1245_x1.png?raw=true	https://github.com/empty-kid/images_for_marking/blob/main/inference/DSC_1245_x1/qwen_image_2512_img2img___prompt_short___no_caption@drealsr_centercrop_____LR_____DSC_1245_x1.png?raw=true	
https://github.com/empty-kid/images_for_marking/blob/main/inference/DSC_1245_x1/DSC_1245_x1.png?raw=true	https://github.com/empty-kid/images_for_marking/blob/main/inference/DSC_1245_x1/qwen_image_2512_img2img___prompt_short___qwen3_5@drealsr_centercrop_____LR_____DSC_1245_x1.png?raw=true	
https://github.com/empty-kid/images_for_marking/blob/main/inference/DSC_1245_x1/DSC_1245_x1.png?raw=true	https://github.com/empty-kid/images_for_marking/blob/main/inference/DSC_1245_x1/qwen_image_2512_img2img___prompt_short___qwen3_6@drealsr_centercrop_____LR_____DSC_1245_x1.png?raw=true	
https://github.com/empty-kid/images_for_marking/blob/main/inference/DSC_1245_x1/DSC_1245_x1.png?raw=true	https://github.com/empty-kid/images_for_marking/blob/main/inference/DSC_1245_x1/qwen_image_2512_img2img___prompt_supir___qwen3_6@drealsr_centercrop_____LR_____DSC_1245_x1.png?raw=true	
https://github.com/empty-kid/images_for_marking/blob/main/inference/DSC_1245_x1/DSC_1245_x1.png?raw=true	https://github.com/empty-kid/images_for_marking/blob/main/inference/DSC_1245_x1/qwen_image_edit_2509___prompt_humanized___qwen3_5@drealsr_centercrop_____LR_____DSC_1245_x1.png?raw=true	
https://github.com/empty-kid/images_for_marking/blob/main/inference/DSC_1245_x1/DSC_1245_x1.png?raw=true	https://github.com/empty-kid/images_for_marking/blob/main/inference/DSC_1245_x1/qwen_image_edit_2509___prompt_long___qwen3_vl@drealsr_centercrop_____LR_____DSC_1245_x1.png?raw=true	
https://github.com/empty-kid/images_for_marking/blob/main/inference/DSC_1245_x1/DSC_1245_x1.png?raw=true	https://github.com/empty-kid/images_for_marking/blob/main/inference/DSC_1245_x1/qwen_image_edit_2511___prompt_supir___qwen3_6@drealsr_centercrop_____LR_____DSC_1245_x1.png?raw=true	
https://github.com/empty-kid/images_for_marking/blob/main/inference/DSC_1245_x1/DSC_1245_x1.png?raw=true	https://github.com/empty-kid/images_for_marking/blob/main/inference/DSC_1245_x1/qwen_image_img2img___prompt_long___qwen3_vl@drealsr_centercrop_____LR_____DSC_1245_x1.png?raw=true	
https://github.com/empty-kid/images_for_marking/blob/main/inference/DSC_1245_x1/DSC_1245_x1.png?raw=true	https://github.com/empty-kid/images_for_marking/blob/main/inference/DSC_1245_x1/qwen_image_img2img___prompt_short___qwen3_vl@drealsr_centercrop_____LR_____DSC_1245_x1.png?raw=true	
https://github.com/empty-kid/images_for_marking/blob/main/inference/DSC_1245_x1/DSC_1245_x1.png?raw=true	https://github.com/empty-kid/images_for_marking/blob/main/inference/DSC_1245_x1/step1x_edit_v1p2___prompt_short___qwen3_vl@drealsr_centercrop_____LR_____DSC_1245_x1.png?raw=true	
https://github.com/empty-kid/images_for_marking/blob/main/inference/DSC_1245_x1/DSC_1245_x1.png?raw=true	https://github.com/empty-kid/images_for_marking/blob/main/inference/DSC_1245_x1/z_image_img2img___prompt_humanized___qwen3_6@drealsr_centercrop_____LR_____DSC_1245_x1.png?raw=true	
https://github.com/empty-kid/images_for_marking/blob/main/inference/DSC_1245_x1/DSC_1245_x1.png?raw=true	https://github.com/empty-kid/images_for_marking/blob/main/inference/DSC_1245_x1/z_image_img2img___prompt_long___qwen3_5@drealsr_centercrop_____LR_____DSC_1245_x1.png?raw=true	
https://github.com/empty-kid/images_for_marking/blob/main/inference/Nikon_010_LR4/Nikon_010_LR4.png?raw=true	https://github.com/empty-kid/images_for_marking/blob/main/inference/Nikon_010_LR4/flux1_kontext_dev___prompt_humanized___no_caption@realsr_centercrop_____LR_____Nikon_010_LR4.png?raw=true	
https://github.com/empty-kid/images_for_marking/blob/main/inference/Nikon_010_LR4/Nikon_010_LR4.png?raw=true	https://github.com/empty-kid/images_for_marking/blob/main/inference/Nikon_010_LR4/flux1_kontext_dev___prompt_medium___qwen3_vl@realsr_centercrop_____LR_____Nikon_010_LR4.png?raw=true	
https://github.com/empty-kid/images_for_marking/blob/main/inference/Nikon_010_LR4/Nikon_010_LR4.png?raw=true	https://github.com/empty-kid/images_for_marking/blob/main/inference/Nikon_010_LR4/flux1_kontext_dev___prompt_short___qwen3_vl@realsr_centercrop_____LR_____Nikon_010_LR4.png?raw=true	
https://github.com/empty-kid/images_for_marking/blob/main/inference/Nikon_010_LR4/Nikon_010_LR4.png?raw=true	https://github.com/empty-kid/images_for_marking/blob/main/inference/Nikon_010_LR4/flux1_kontext_dev___prompt_supir___qwen3_6@realsr_centercrop_____LR_____Nikon_010_LR4.png?raw=true	
https://github.com/empty-kid/images_for_marking/blob/main/inference/Nikon_010_LR4/Nikon_010_LR4.png?raw=true	https://github.com/empty-kid/images_for_marking/blob/main/inference/Nikon_010_LR4/flux2_dev___prompt_medium___qwen3_5@realsr_centercrop_____LR_____Nikon_010_LR4.png?raw=true	
https://github.com/empty-kid/images_for_marking/blob/main/inference/Nikon_010_LR4/Nikon_010_LR4.png?raw=true	https://github.com/empty-kid/images_for_marking/blob/main/inference/Nikon_010_LR4/flux2_dev___prompt_short___qwen3_5@realsr_centercrop_____LR_____Nikon_010_LR4.png?raw=true	
https://github.com/empty-kid/images_for_marking/blob/main/inference/Nikon_010_LR4/Nikon_010_LR4.png?raw=true	https://github.com/empty-kid/images_for_marking/blob/main/inference/Nikon_010_LR4/flux2_klein_base_4b___prompt_humanized___no_caption@realsr_centercrop_____LR_____Nikon_010_LR4.png?raw=true	
https://github.com/empty-kid/images_for_marking/blob/main/inference/Nikon_010_LR4/Nikon_010_LR4.png?raw=true	https://github.com/empty-kid/images_for_marking/blob/main/inference/Nikon_010_LR4/flux2_klein_base_4b___prompt_long___qwen3_vl@realsr_centercrop_____LR_____Nikon_010_LR4.png?raw=true	
https://github.com/empty-kid/images_for_marking/blob/main/inference/Nikon_010_LR4/Nikon_010_LR4.png?raw=true	https://github.com/empty-kid/images_for_marking/blob/main/inference/Nikon_010_LR4/flux2_klein_base_9b___prompt_humanized___qwen3_6@realsr_centercrop_____LR_____Nikon_010_LR4.png?raw=true	
https://github.com/empty-kid/images_for_marking/blob/main/inference/Nikon_010_LR4/Nikon_010_LR4.png?raw=true	https://github.com/empty-kid/images_for_marking/blob/main/inference/Nikon_010_LR4/hidream_o1_image_full___prompt_medium___qwen3_6@realsr_centercrop_____LR_____Nikon_010_LR4.png?raw=true	
https://github.com/empty-kid/images_for_marking/blob/main/inference/Nikon_010_LR4/Nikon_010_LR4.png?raw=true	https://github.com/empty-kid/images_for_marking/blob/main/inference/Nikon_010_LR4/hidream_o1_image_full___prompt_short___no_caption@realsr_centercrop_____LR_____Nikon_010_LR4.png?raw=true	
https://github.com/empty-kid/images_for_marking/blob/main/inference/Nikon_010_LR4/Nikon_010_LR4.png?raw=true	https://github.com/empty-kid/images_for_marking/blob/main/inference/Nikon_010_LR4/hunyuan_image_3_instruct___prompt_short___no_caption@realsr_centercrop_____LR_____Nikon_010_LR4.png?raw=true	
https://github.com/empty-kid/images_for_marking/blob/main/inference/Nikon_010_LR4/Nikon_010_LR4.png?raw=true	https://github.com/empty-kid/images_for_marking/blob/main/inference/Nikon_010_LR4/omnigen2___prompt_humanized___no_caption@realsr_centercrop_____LR_____Nikon_010_LR4.png?raw=true	
https://github.com/empty-kid/images_for_marking/blob/main/inference/Nikon_010_LR4/Nikon_010_LR4.png?raw=true	https://github.com/empty-kid/images_for_marking/blob/main/inference/Nikon_010_LR4/omnigen2___prompt_short___qwen3_5@realsr_centercrop_____LR_____Nikon_010_LR4.png?raw=true	
https://github.com/empty-kid/images_for_marking/blob/main/inference/Nikon_010_LR4/Nikon_010_LR4.png?raw=true	https://github.com/empty-kid/images_for_marking/blob/main/inference/Nikon_010_LR4/omnigen2___prompt_short___qwen3_6@realsr_centercrop_____LR_____Nikon_010_LR4.png?raw=true	
https://github.com/empty-kid/images_for_marking/blob/main/inference/Nikon_010_LR4/Nikon_010_LR4.png?raw=true	https://github.com/empty-kid/images_for_marking/blob/main/inference/Nikon_010_LR4/qwen_image_2512_img2img___prompt_humanized___no_caption@realsr_centercrop_____LR_____Nikon_010_LR4.png?raw=true	
https://github.com/empty-kid/images_for_marking/blob/main/inference/Nikon_010_LR4/Nikon_010_LR4.png?raw=true	https://github.com/empty-kid/images_for_marking/blob/main/inference/Nikon_010_LR4/qwen_image_2512_img2img___prompt_supir___qwen3_vl@realsr_centercrop_____LR_____Nikon_010_LR4.png?raw=true	
https://github.com/empty-kid/images_for_marking/blob/main/inference/Nikon_010_LR4/Nikon_010_LR4.png?raw=true	https://github.com/empty-kid/images_for_marking/blob/main/inference/Nikon_010_LR4/qwen_image_edit_2509___prompt_humanized___qwen3_5@realsr_centercrop_____LR_____Nikon_010_LR4.png?raw=true	
https://github.com/empty-kid/images_for_marking/blob/main/inference/Nikon_010_LR4/Nikon_010_LR4.png?raw=true	https://github.com/empty-kid/images_for_marking/blob/main/inference/Nikon_010_LR4/qwen_image_edit_2511___prompt_short___qwen3_5@realsr_centercrop_____LR_____Nikon_010_LR4.png?raw=true	
https://github.com/empty-kid/images_for_marking/blob/main/inference/Nikon_010_LR4/Nikon_010_LR4.png?raw=true	https://github.com/empty-kid/images_for_marking/blob/main/inference/Nikon_010_LR4/qwen_image_edit_2511___prompt_supir___no_caption@realsr_centercrop_____LR_____Nikon_010_LR4.png?raw=true	
https://github.com/empty-kid/images_for_marking/blob/main/inference/Nikon_010_LR4/Nikon_010_LR4.png?raw=true	https://github.com/empty-kid/images_for_marking/blob/main/inference/Nikon_010_LR4/qwen_image_edit_2511___prompt_supir___qwen3_vl@realsr_centercrop_____LR_____Nikon_010_LR4.png?raw=true	
https://github.com/empty-kid/images_for_marking/blob/main/inference/Nikon_010_LR4/Nikon_010_LR4.png?raw=true	https://github.com/empty-kid/images_for_marking/blob/main/inference/Nikon_010_LR4/qwen_image_edit___prompt_medium___no_caption@realsr_centercrop_____LR_____Nikon_010_LR4.png?raw=true	
https://github.com/empty-kid/images_for_marking/blob/main/inference/Nikon_010_LR4/Nikon_010_LR4.png?raw=true	https://github.com/empty-kid/images_for_marking/blob/main/inference/Nikon_010_LR4/qwen_image_edit___prompt_supir___qwen3_5@realsr_centercrop_____LR_____Nikon_010_LR4.png?raw=true	
https://github.com/empty-kid/images_for_marking/blob/main/inference/Nikon_010_LR4/Nikon_010_LR4.png?raw=true	https://github.com/empty-kid/images_for_marking/blob/main/inference/Nikon_010_LR4/qwen_image_img2img___prompt_long___no_caption@realsr_centercrop_____LR_____Nikon_010_LR4.png?raw=true	
https://github.com/empty-kid/images_for_marking/blob/main/inference/Nikon_010_LR4/Nikon_010_LR4.png?raw=true	https://github.com/empty-kid/images_for_marking/blob/main/inference/Nikon_010_LR4/qwen_image_img2img___prompt_long___qwen3_5@realsr_centercrop_____LR_____Nikon_010_LR4.png?raw=true	
https://github.com/empty-kid/images_for_marking/blob/main/inference/Nikon_010_LR4/Nikon_010_LR4.png?raw=true	https://github.com/empty-kid/images_for_marking/blob/main/inference/Nikon_010_LR4/qwen_image_img2img___prompt_supir___no_caption@realsr_centercrop_____LR_____Nikon_010_LR4.png?raw=true	
https://github.com/empty-kid/images_for_marking/blob/main/inference/Nikon_010_LR4/Nikon_010_LR4.png?raw=true	https://github.com/empty-kid/images_for_marking/blob/main/inference/Nikon_010_LR4/step1x_edit_v1p2___prompt_short___qwen3_5@realsr_centercrop_____LR_____Nikon_010_LR4.png?raw=true	
https://github.com/empty-kid/images_for_marking/blob/main/inference/Nikon_010_LR4/Nikon_010_LR4.png?raw=true	https://github.com/empty-kid/images_for_marking/blob/main/inference/Nikon_010_LR4/step1x_edit_v1p2___prompt_short___qwen3_vl@realsr_centercrop_____LR_____Nikon_010_LR4.png?raw=true	
https://github.com/empty-kid/images_for_marking/blob/main/inference/Nikon_010_LR4/Nikon_010_LR4.png?raw=true	https://github.com/empty-kid/images_for_marking/blob/main/inference/Nikon_010_LR4/step1x_edit_v1p2___prompt_supir___qwen3_6@realsr_centercrop_____LR_____Nikon_010_LR4.png?raw=true	
https://github.com/empty-kid/images_for_marking/blob/main/inference/Nikon_010_LR4/Nikon_010_LR4.png?raw=true	https://github.com/empty-kid/images_for_marking/blob/main/inference/Nikon_010_LR4/z_image_img2img___prompt_supir___no_caption@realsr_centercrop_____LR_____Nikon_010_LR4.png?raw=true	
https://github.com/empty-kid/images_for_marking/blob/main/inference/Nikon_023_LR4/Nikon_023_LR4.png?raw=true	https://github.com/empty-kid/images_for_marking/blob/main/inference/Nikon_023_LR4/flux1_kontext_dev___prompt_long___no_caption@realsr_centercrop_____LR_____Nikon_023_LR4.png?raw=true	
https://github.com/empty-kid/images_for_marking/blob/main/inference/Nikon_023_LR4/Nikon_023_LR4.png?raw=true	https://github.com/empty-kid/images_for_marking/blob/main/inference/Nikon_023_LR4/flux1_kontext_dev___prompt_short___no_caption@realsr_centercrop_____LR_____Nikon_023_LR4.png?raw=true	
https://github.com/empty-kid/images_for_marking/blob/main/inference/Nikon_023_LR4/Nikon_023_LR4.png?raw=true	https://github.com/empty-kid/images_for_marking/blob/main/inference/Nikon_023_LR4/flux1_kontext_dev___prompt_supir___qwen3_5@realsr_centercrop_____LR_____Nikon_023_LR4.png?raw=true	
https://github.com/empty-kid/images_for_marking/blob/main/inference/Nikon_023_LR4/Nikon_023_LR4.png?raw=true	https://github.com/empty-kid/images_for_marking/blob/main/inference/Nikon_023_LR4/flux2_dev___prompt_humanized___no_caption@realsr_centercrop_____LR_____Nikon_023_LR4.png?raw=true	
https://github.com/empty-kid/images_for_marking/blob/main/inference/Nikon_023_LR4/Nikon_023_LR4.png?raw=true	https://github.com/empty-kid/images_for_marking/blob/main/inference/Nikon_023_LR4/flux2_dev___prompt_humanized___qwen3_vl@realsr_centercrop_____LR_____Nikon_023_LR4.png?raw=true	
https://github.com/empty-kid/images_for_marking/blob/main/inference/Nikon_023_LR4/Nikon_023_LR4.png?raw=true	https://github.com/empty-kid/images_for_marking/blob/main/inference/Nikon_023_LR4/flux2_dev___prompt_long___no_caption@realsr_centercrop_____LR_____Nikon_023_LR4.png?raw=true	
https://github.com/empty-kid/images_for_marking/blob/main/inference/Nikon_023_LR4/Nikon_023_LR4.png?raw=true	https://github.com/empty-kid/images_for_marking/blob/main/inference/Nikon_023_LR4/flux2_dev___prompt_short___qwen3_vl@realsr_centercrop_____LR_____Nikon_023_LR4.png?raw=true	
https://github.com/empty-kid/images_for_marking/blob/main/inference/Nikon_023_LR4/Nikon_023_LR4.png?raw=true	https://github.com/empty-kid/images_for_marking/blob/main/inference/Nikon_023_LR4/flux2_klein_base_9b___prompt_medium___qwen3_6@realsr_centercrop_____LR_____Nikon_023_LR4.png?raw=true	
https://github.com/empty-kid/images_for_marking/blob/main/inference/Nikon_023_LR4/Nikon_023_LR4.png?raw=true	https://github.com/empty-kid/images_for_marking/blob/main/inference/Nikon_023_LR4/flux2_klein_base_9b___prompt_short___qwen3_5@realsr_centercrop_____LR_____Nikon_023_LR4.png?raw=true	
https://github.com/empty-kid/images_for_marking/blob/main/inference/Nikon_023_LR4/Nikon_023_LR4.png?raw=true	https://github.com/empty-kid/images_for_marking/blob/main/inference/Nikon_023_LR4/hidream_o1_image_full___prompt_humanized___qwen3_5@realsr_centercrop_____LR_____Nikon_023_LR4.png?raw=true	
https://github.com/empty-kid/images_for_marking/blob/main/inference/Nikon_023_LR4/Nikon_023_LR4.png?raw=true	https://github.com/empty-kid/images_for_marking/blob/main/inference/Nikon_023_LR4/hunyuan_image_3_instruct___prompt_humanized___qwen3_5@realsr_centercrop_____LR_____Nikon_023_LR4.png?raw=true	
https://github.com/empty-kid/images_for_marking/blob/main/inference/Nikon_023_LR4/Nikon_023_LR4.png?raw=true	https://github.com/empty-kid/images_for_marking/blob/main/inference/Nikon_023_LR4/hunyuan_image_3_instruct___prompt_medium___no_caption@realsr_centercrop_____LR_____Nikon_023_LR4.png?raw=true	
https://github.com/empty-kid/images_for_marking/blob/main/inference/Nikon_023_LR4/Nikon_023_LR4.png?raw=true	https://github.com/empty-kid/images_for_marking/blob/main/inference/Nikon_023_LR4/omnigen2___prompt_medium___qwen3_6@realsr_centercrop_____LR_____Nikon_023_LR4.png?raw=true	
https://github.com/empty-kid/images_for_marking/blob/main/inference/Nikon_023_LR4/Nikon_023_LR4.png?raw=true	https://github.com/empty-kid/images_for_marking/blob/main/inference/Nikon_023_LR4/qwen_image_2512_img2img___prompt_medium___no_caption@realsr_centercrop_____LR_____Nikon_023_LR4.png?raw=true	
https://github.com/empty-kid/images_for_marking/blob/main/inference/Nikon_023_LR4/Nikon_023_LR4.png?raw=true	https://github.com/empty-kid/images_for_marking/blob/main/inference/Nikon_023_LR4/qwen_image_2512_img2img___prompt_short___qwen3_vl@realsr_centercrop_____LR_____Nikon_023_LR4.png?raw=true	
https://github.com/empty-kid/images_for_marking/blob/main/inference/Nikon_023_LR4/Nikon_023_LR4.png?raw=true	https://github.com/empty-kid/images_for_marking/blob/main/inference/Nikon_023_LR4/qwen_image_2512_img2img___prompt_supir___no_caption@realsr_centercrop_____LR_____Nikon_023_LR4.png?raw=true	
https://github.com/empty-kid/images_for_marking/blob/main/inference/Nikon_023_LR4/Nikon_023_LR4.png?raw=true	https://github.com/empty-kid/images_for_marking/blob/main/inference/Nikon_023_LR4/qwen_image_edit_2509___prompt_medium___qwen3_6@realsr_centercrop_____LR_____Nikon_023_LR4.png?raw=true	
https://github.com/empty-kid/images_for_marking/blob/main/inference/Nikon_023_LR4/Nikon_023_LR4.png?raw=true	https://github.com/empty-kid/images_for_marking/blob/main/inference/Nikon_023_LR4/qwen_image_edit_2509___prompt_short___no_caption@realsr_centercrop_____LR_____Nikon_023_LR4.png?raw=true	
https://github.com/empty-kid/images_for_marking/blob/main/inference/Nikon_023_LR4/Nikon_023_LR4.png?raw=true	https://github.com/empty-kid/images_for_marking/blob/main/inference/Nikon_023_LR4/qwen_image_edit_2511___prompt_humanized___no_caption@realsr_centercrop_____LR_____Nikon_023_LR4.png?raw=true	
https://github.com/empty-kid/images_for_marking/blob/main/inference/Nikon_023_LR4/Nikon_023_LR4.png?raw=true	https://github.com/empty-kid/images_for_marking/blob/main/inference/Nikon_023_LR4/qwen_image_edit_2511___prompt_humanized___qwen3_5@realsr_centercrop_____LR_____Nikon_023_LR4.png?raw=true	
https://github.com/empty-kid/images_for_marking/blob/main/inference/Nikon_023_LR4/Nikon_023_LR4.png?raw=true	https://github.com/empty-kid/images_for_marking/blob/main/inference/Nikon_023_LR4/qwen_image_edit_2511___prompt_medium___qwen3_6@realsr_centercrop_____LR_____Nikon_023_LR4.png?raw=true	
https://github.com/empty-kid/images_for_marking/blob/main/inference/Nikon_023_LR4/Nikon_023_LR4.png?raw=true	https://github.com/empty-kid/images_for_marking/blob/main/inference/Nikon_023_LR4/qwen_image_edit___prompt_long___qwen3_5@realsr_centercrop_____LR_____Nikon_023_LR4.png?raw=true	
https://github.com/empty-kid/images_for_marking/blob/main/inference/Nikon_023_LR4/Nikon_023_LR4.png?raw=true	https://github.com/empty-kid/images_for_marking/blob/main/inference/Nikon_023_LR4/qwen_image_img2img___prompt_long___qwen3_vl@realsr_centercrop_____LR_____Nikon_023_LR4.png?raw=true	
https://github.com/empty-kid/images_for_marking/blob/main/inference/Nikon_023_LR4/Nikon_023_LR4.png?raw=true	https://github.com/empty-kid/images_for_marking/blob/main/inference/Nikon_023_LR4/qwen_image_img2img___prompt_medium___no_caption@realsr_centercrop_____LR_____Nikon_023_LR4.png?raw=true	
https://github.com/empty-kid/images_for_marking/blob/main/inference/Nikon_023_LR4/Nikon_023_LR4.png?raw=true	https://github.com/empty-kid/images_for_marking/blob/main/inference/Nikon_023_LR4/qwen_image_img2img___prompt_short___qwen3_5@realsr_centercrop_____LR_____Nikon_023_LR4.png?raw=true	
https://github.com/empty-kid/images_for_marking/blob/main/inference/Nikon_023_LR4/Nikon_023_LR4.png?raw=true	https://github.com/empty-kid/images_for_marking/blob/main/inference/Nikon_023_LR4/qwen_image_img2img___prompt_short___qwen3_6@realsr_centercrop_____LR_____Nikon_023_LR4.png?raw=true	
https://github.com/empty-kid/images_for_marking/blob/main/inference/Nikon_023_LR4/Nikon_023_LR4.png?raw=true	https://github.com/empty-kid/images_for_marking/blob/main/inference/Nikon_023_LR4/qwen_image_img2img___prompt_short___qwen3_vl@realsr_centercrop_____LR_____Nikon_023_LR4.png?raw=true	
https://github.com/empty-kid/images_for_marking/blob/main/inference/Nikon_023_LR4/Nikon_023_LR4.png?raw=true	https://github.com/empty-kid/images_for_marking/blob/main/inference/Nikon_023_LR4/qwen_image_img2img___prompt_supir___qwen3_vl@realsr_centercrop_____LR_____Nikon_023_LR4.png?raw=true	
https://github.com/empty-kid/images_for_marking/blob/main/inference/Nikon_023_LR4/Nikon_023_LR4.png?raw=true	https://github.com/empty-kid/images_for_marking/blob/main/inference/Nikon_023_LR4/step1x_edit_v1p2___prompt_short___qwen3_6@realsr_centercrop_____LR_____Nikon_023_LR4.png?raw=true	
https://github.com/empty-kid/images_for_marking/blob/main/inference/Nikon_023_LR4/Nikon_023_LR4.png?raw=true	https://github.com/empty-kid/images_for_marking/blob/main/inference/Nikon_023_LR4/z_image_img2img___prompt_medium___qwen3_vl@realsr_centercrop_____LR_____Nikon_023_LR4.png?raw=true	
https://github.com/empty-kid/images_for_marking/blob/main/inference/Nikon_031/Nikon_031.png?raw=true	https://github.com/empty-kid/images_for_marking/blob/main/inference/Nikon_031/flux1_kontext_dev___prompt_long___qwen3_vl@realsr_v2_____LR_____Nikon_031.png?raw=true	
https://github.com/empty-kid/images_for_marking/blob/main/inference/Nikon_031/Nikon_031.png?raw=true	https://github.com/empty-kid/images_for_marking/blob/main/inference/Nikon_031/flux1_kontext_dev___prompt_short___qwen3_5@realsr_v2_____LR_____Nikon_031.png?raw=true	
https://github.com/empty-kid/images_for_marking/blob/main/inference/Nikon_031/Nikon_031.png?raw=true	https://github.com/empty-kid/images_for_marking/blob/main/inference/Nikon_031/flux1_kontext_dev___prompt_supir___qwen3_5@realsr_v2_____LR_____Nikon_031.png?raw=true	
https://github.com/empty-kid/images_for_marking/blob/main/inference/Nikon_031/Nikon_031.png?raw=true	https://github.com/empty-kid/images_for_marking/blob/main/inference/Nikon_031/flux2_dev___prompt_supir___qwen3_6@realsr_v2_____LR_____Nikon_031.png?raw=true	
https://github.com/empty-kid/images_for_marking/blob/main/inference/Nikon_031/Nikon_031.png?raw=true	https://github.com/empty-kid/images_for_marking/blob/main/inference/Nikon_031/flux2_klein_base_4b___prompt_short___qwen3_5@realsr_v2_____LR_____Nikon_031.png?raw=true	
https://github.com/empty-kid/images_for_marking/blob/main/inference/Nikon_031/Nikon_031.png?raw=true	https://github.com/empty-kid/images_for_marking/blob/main/inference/Nikon_031/flux2_klein_base_4b___prompt_supir___qwen3_6@realsr_v2_____LR_____Nikon_031.png?raw=true	
https://github.com/empty-kid/images_for_marking/blob/main/inference/Nikon_031/Nikon_031.png?raw=true	https://github.com/empty-kid/images_for_marking/blob/main/inference/Nikon_031/flux2_klein_base_9b___prompt_short___no_caption@realsr_v2_____LR_____Nikon_031.png?raw=true	
https://github.com/empty-kid/images_for_marking/blob/main/inference/Nikon_031/Nikon_031.png?raw=true	https://github.com/empty-kid/images_for_marking/blob/main/inference/Nikon_031/flux2_klein_base_9b___prompt_short___qwen3_vl@realsr_v2_____LR_____Nikon_031.png?raw=true	
https://github.com/empty-kid/images_for_marking/blob/main/inference/Nikon_031/Nikon_031.png?raw=true	https://github.com/empty-kid/images_for_marking/blob/main/inference/Nikon_031/hidream_o1_image_full___prompt_medium___qwen3_6@realsr_v2_____LR_____Nikon_031.png?raw=true	
https://github.com/empty-kid/images_for_marking/blob/main/inference/Nikon_031/Nikon_031.png?raw=true	https://github.com/empty-kid/images_for_marking/blob/main/inference/Nikon_031/hunyuan_image_3_instruct___prompt_humanized___qwen3_vl@realsr_v2_____LR_____Nikon_031.png?raw=true	
https://github.com/empty-kid/images_for_marking/blob/main/inference/Nikon_031/Nikon_031.png?raw=true	https://github.com/empty-kid/images_for_marking/blob/main/inference/Nikon_031/hunyuan_image_3_instruct___prompt_supir___qwen3_5@realsr_v2_____LR_____Nikon_031.png?raw=true	
https://github.com/empty-kid/images_for_marking/blob/main/inference/Nikon_031/Nikon_031.png?raw=true	https://github.com/empty-kid/images_for_marking/blob/main/inference/Nikon_031/omnigen2___prompt_long___no_caption@realsr_v2_____LR_____Nikon_031.png?raw=true	
https://github.com/empty-kid/images_for_marking/blob/main/inference/Nikon_031/Nikon_031.png?raw=true	https://github.com/empty-kid/images_for_marking/blob/main/inference/Nikon_031/omnigen2___prompt_medium___qwen3_5@realsr_v2_____LR_____Nikon_031.png?raw=true	
https://github.com/empty-kid/images_for_marking/blob/main/inference/Nikon_031/Nikon_031.png?raw=true	https://github.com/empty-kid/images_for_marking/blob/main/inference/Nikon_031/omnigen2___prompt_short___qwen3_6@realsr_v2_____LR_____Nikon_031.png?raw=true	
https://github.com/empty-kid/images_for_marking/blob/main/inference/Nikon_031/Nikon_031.png?raw=true	https://github.com/empty-kid/images_for_marking/blob/main/inference/Nikon_031/omnigen2___prompt_supir___no_caption@realsr_v2_____LR_____Nikon_031.png?raw=true	
https://github.com/empty-kid/images_for_marking/blob/main/inference/Nikon_031/Nikon_031.png?raw=true	https://github.com/empty-kid/images_for_marking/blob/main/inference/Nikon_031/qwen_image_2512_img2img___prompt_humanized___qwen3_5@realsr_v2_____LR_____Nikon_031.png?raw=true	
https://github.com/empty-kid/images_for_marking/blob/main/inference/Nikon_031/Nikon_031.png?raw=true	https://github.com/empty-kid/images_for_marking/blob/main/inference/Nikon_031/qwen_image_edit_2509___prompt_humanized___qwen3_vl@realsr_v2_____LR_____Nikon_031.png?raw=true	
https://github.com/empty-kid/images_for_marking/blob/main/inference/Nikon_031/Nikon_031.png?raw=true	https://github.com/empty-kid/images_for_marking/blob/main/inference/Nikon_031/qwen_image_edit_2509___prompt_medium___qwen3_5@realsr_v2_____LR_____Nikon_031.png?raw=true	
https://github.com/empty-kid/images_for_marking/blob/main/inference/Nikon_031/Nikon_031.png?raw=true	https://github.com/empty-kid/images_for_marking/blob/main/inference/Nikon_031/qwen_image_edit_2511___prompt_long___no_caption@realsr_v2_____LR_____Nikon_031.png?raw=true	
https://github.com/empty-kid/images_for_marking/blob/main/inference/Nikon_031/Nikon_031.png?raw=true	https://github.com/empty-kid/images_for_marking/blob/main/inference/Nikon_031/qwen_image_edit_2511___prompt_long___qwen3_6@realsr_v2_____LR_____Nikon_031.png?raw=true	
https://github.com/empty-kid/images_for_marking/blob/main/inference/Nikon_031/Nikon_031.png?raw=true	https://github.com/empty-kid/images_for_marking/blob/main/inference/Nikon_031/qwen_image_edit_2511___prompt_medium___qwen3_5@realsr_v2_____LR_____Nikon_031.png?raw=true	
https://github.com/empty-kid/images_for_marking/blob/main/inference/Nikon_031/Nikon_031.png?raw=true	https://github.com/empty-kid/images_for_marking/blob/main/inference/Nikon_031/qwen_image_edit_2511___prompt_medium___qwen3_6@realsr_v2_____LR_____Nikon_031.png?raw=true	
https://github.com/empty-kid/images_for_marking/blob/main/inference/Nikon_031/Nikon_031.png?raw=true	https://github.com/empty-kid/images_for_marking/blob/main/inference/Nikon_031/qwen_image_edit_2511___prompt_short___qwen3_vl@realsr_v2_____LR_____Nikon_031.png?raw=true	
https://github.com/empty-kid/images_for_marking/blob/main/inference/Nikon_031/Nikon_031.png?raw=true	https://github.com/empty-kid/images_for_marking/blob/main/inference/Nikon_031/qwen_image_edit___prompt_humanized___no_caption@realsr_v2_____LR_____Nikon_031.png?raw=true	
https://github.com/empty-kid/images_for_marking/blob/main/inference/Nikon_031/Nikon_031.png?raw=true	https://github.com/empty-kid/images_for_marking/blob/main/inference/Nikon_031/qwen_image_img2img___prompt_medium___qwen3_5@realsr_v2_____LR_____Nikon_031.png?raw=true	
https://github.com/empty-kid/images_for_marking/blob/main/inference/Nikon_031/Nikon_031.png?raw=true	https://github.com/empty-kid/images_for_marking/blob/main/inference/Nikon_031/qwen_image_img2img___prompt_short___qwen3_5@realsr_v2_____LR_____Nikon_031.png?raw=true	
https://github.com/empty-kid/images_for_marking/blob/main/inference/Nikon_031/Nikon_031.png?raw=true	https://github.com/empty-kid/images_for_marking/blob/main/inference/Nikon_031/step1x_edit_v1p2___prompt_long___no_caption@realsr_v2_____LR_____Nikon_031.png?raw=true	
https://github.com/empty-kid/images_for_marking/blob/main/inference/Nikon_031/Nikon_031.png?raw=true	https://github.com/empty-kid/images_for_marking/blob/main/inference/Nikon_031/step1x_edit_v1p2___prompt_supir___qwen3_6@realsr_v2_____LR_____Nikon_031.png?raw=true	
https://github.com/empty-kid/images_for_marking/blob/main/inference/Nikon_031/Nikon_031.png?raw=true	https://github.com/empty-kid/images_for_marking/blob/main/inference/Nikon_031/z_image_img2img___prompt_medium___no_caption@realsr_v2_____LR_____Nikon_031.png?raw=true	
https://github.com/empty-kid/images_for_marking/blob/main/inference/Nikon_031/Nikon_031.png?raw=true	https://github.com/empty-kid/images_for_marking/blob/main/inference/Nikon_031/z_image_img2img___prompt_medium___qwen3_5@realsr_v2_____LR_____Nikon_031.png?raw=true	
https://github.com/empty-kid/images_for_marking/blob/main/inference/Nikon_045/Nikon_045.png?raw=true	https://github.com/empty-kid/images_for_marking/blob/main/inference/Nikon_045/flux1_kontext_dev___prompt_supir___no_caption@realsr_v2_____LR_____Nikon_045.png?raw=true	
https://github.com/empty-kid/images_for_marking/blob/main/inference/Nikon_045/Nikon_045.png?raw=true	https://github.com/empty-kid/images_for_marking/blob/main/inference/Nikon_045/flux2_dev___prompt_humanized___qwen3_5@realsr_v2_____LR_____Nikon_045.png?raw=true	
https://github.com/empty-kid/images_for_marking/blob/main/inference/Nikon_045/Nikon_045.png?raw=true	https://github.com/empty-kid/images_for_marking/blob/main/inference/Nikon_045/flux2_dev___prompt_long___no_caption@realsr_v2_____LR_____Nikon_045.png?raw=true	
https://github.com/empty-kid/images_for_marking/blob/main/inference/Nikon_045/Nikon_045.png?raw=true	https://github.com/empty-kid/images_for_marking/blob/main/inference/Nikon_045/flux2_klein_base_4b___prompt_medium___no_caption@realsr_v2_____LR_____Nikon_045.png?raw=true	
https://github.com/empty-kid/images_for_marking/blob/main/inference/Nikon_045/Nikon_045.png?raw=true	https://github.com/empty-kid/images_for_marking/blob/main/inference/Nikon_045/flux2_klein_base_4b___prompt_short___qwen3_6@realsr_v2_____LR_____Nikon_045.png?raw=true	
https://github.com/empty-kid/images_for_marking/blob/main/inference/Nikon_045/Nikon_045.png?raw=true	https://github.com/empty-kid/images_for_marking/blob/main/inference/Nikon_045/flux2_klein_base_9b___prompt_long___no_caption@realsr_v2_____LR_____Nikon_045.png?raw=true	
https://github.com/empty-kid/images_for_marking/blob/main/inference/Nikon_045/Nikon_045.png?raw=true	https://github.com/empty-kid/images_for_marking/blob/main/inference/Nikon_045/hidream_o1_image_full___prompt_medium___qwen3_6@realsr_v2_____LR_____Nikon_045.png?raw=true	
https://github.com/empty-kid/images_for_marking/blob/main/inference/Nikon_045/Nikon_045.png?raw=true	https://github.com/empty-kid/images_for_marking/blob/main/inference/Nikon_045/hunyuan_image_3_instruct___prompt_long___qwen3_5@realsr_v2_____LR_____Nikon_045.png?raw=true	
https://github.com/empty-kid/images_for_marking/blob/main/inference/Nikon_045/Nikon_045.png?raw=true	https://github.com/empty-kid/images_for_marking/blob/main/inference/Nikon_045/hunyuan_image_3_instruct___prompt_supir___no_caption@realsr_v2_____LR_____Nikon_045.png?raw=true	
https://github.com/empty-kid/images_for_marking/blob/main/inference/Nikon_045/Nikon_045.png?raw=true	https://github.com/empty-kid/images_for_marking/blob/main/inference/Nikon_045/omnigen2___prompt_humanized___qwen3_5@realsr_v2_____LR_____Nikon_045.png?raw=true	
https://github.com/empty-kid/images_for_marking/blob/main/inference/Nikon_045/Nikon_045.png?raw=true	https://github.com/empty-kid/images_for_marking/blob/main/inference/Nikon_045/omnigen2___prompt_supir___qwen3_vl@realsr_v2_____LR_____Nikon_045.png?raw=true	
https://github.com/empty-kid/images_for_marking/blob/main/inference/Nikon_045/Nikon_045.png?raw=true	https://github.com/empty-kid/images_for_marking/blob/main/inference/Nikon_045/qwen_image_2512_img2img___prompt_humanized___no_caption@realsr_v2_____LR_____Nikon_045.png?raw=true	
https://github.com/empty-kid/images_for_marking/blob/main/inference/Nikon_045/Nikon_045.png?raw=true	https://github.com/empty-kid/images_for_marking/blob/main/inference/Nikon_045/qwen_image_2512_img2img___prompt_supir___qwen3_5@realsr_v2_____LR_____Nikon_045.png?raw=true	
https://github.com/empty-kid/images_for_marking/blob/main/inference/Nikon_045/Nikon_045.png?raw=true	https://github.com/empty-kid/images_for_marking/blob/main/inference/Nikon_045/qwen_image_edit_2509___prompt_humanized___qwen3_6@realsr_v2_____LR_____Nikon_045.png?raw=true	
https://github.com/empty-kid/images_for_marking/blob/main/inference/Nikon_045/Nikon_045.png?raw=true	https://github.com/empty-kid/images_for_marking/blob/main/inference/Nikon_045/qwen_image_edit_2509___prompt_long___no_caption@realsr_v2_____LR_____Nikon_045.png?raw=true	
https://github.com/empty-kid/images_for_marking/blob/main/inference/Nikon_045/Nikon_045.png?raw=true	https://github.com/empty-kid/images_for_marking/blob/main/inference/Nikon_045/qwen_image_edit_2509___prompt_medium___qwen3_5@realsr_v2_____LR_____Nikon_045.png?raw=true	
https://github.com/empty-kid/images_for_marking/blob/main/inference/Nikon_045/Nikon_045.png?raw=true	https://github.com/empty-kid/images_for_marking/blob/main/inference/Nikon_045/qwen_image_edit_2511___prompt_humanized___no_caption@realsr_v2_____LR_____Nikon_045.png?raw=true	
https://github.com/empty-kid/images_for_marking/blob/main/inference/Nikon_045/Nikon_045.png?raw=true	https://github.com/empty-kid/images_for_marking/blob/main/inference/Nikon_045/qwen_image_edit_2511___prompt_medium___qwen3_5@realsr_v2_____LR_____Nikon_045.png?raw=true	
https://github.com/empty-kid/images_for_marking/blob/main/inference/Nikon_045/Nikon_045.png?raw=true	https://github.com/empty-kid/images_for_marking/blob/main/inference/Nikon_045/qwen_image_edit___prompt_long___qwen3_vl@realsr_v2_____LR_____Nikon_045.png?raw=true	
https://github.com/empty-kid/images_for_marking/blob/main/inference/Nikon_045/Nikon_045.png?raw=true	https://github.com/empty-kid/images_for_marking/blob/main/inference/Nikon_045/qwen_image_edit___prompt_medium___qwen3_5@realsr_v2_____LR_____Nikon_045.png?raw=true	
https://github.com/empty-kid/images_for_marking/blob/main/inference/Nikon_045/Nikon_045.png?raw=true	https://github.com/empty-kid/images_for_marking/blob/main/inference/Nikon_045/qwen_image_img2img___prompt_humanized___no_caption@realsr_v2_____LR_____Nikon_045.png?raw=true	
https://github.com/empty-kid/images_for_marking/blob/main/inference/Nikon_045/Nikon_045.png?raw=true	https://github.com/empty-kid/images_for_marking/blob/main/inference/Nikon_045/qwen_image_img2img___prompt_humanized___qwen3_vl@realsr_v2_____LR_____Nikon_045.png?raw=true	
https://github.com/empty-kid/images_for_marking/blob/main/inference/Nikon_045/Nikon_045.png?raw=true	https://github.com/empty-kid/images_for_marking/blob/main/inference/Nikon_045/qwen_image_img2img___prompt_long___qwen3_6@realsr_v2_____LR_____Nikon_045.png?raw=true	
https://github.com/empty-kid/images_for_marking/blob/main/inference/Nikon_045/Nikon_045.png?raw=true	https://github.com/empty-kid/images_for_marking/blob/main/inference/Nikon_045/qwen_image_img2img___prompt_medium___qwen3_5@realsr_v2_____LR_____Nikon_045.png?raw=true	
https://github.com/empty-kid/images_for_marking/blob/main/inference/Nikon_045/Nikon_045.png?raw=true	https://github.com/empty-kid/images_for_marking/blob/main/inference/Nikon_045/qwen_image_img2img___prompt_medium___qwen3_vl@realsr_v2_____LR_____Nikon_045.png?raw=true	
https://github.com/empty-kid/images_for_marking/blob/main/inference/Nikon_045/Nikon_045.png?raw=true	https://github.com/empty-kid/images_for_marking/blob/main/inference/Nikon_045/qwen_image_img2img___prompt_short___qwen3_6@realsr_v2_____LR_____Nikon_045.png?raw=true	
https://github.com/empty-kid/images_for_marking/blob/main/inference/Nikon_045/Nikon_045.png?raw=true	https://github.com/empty-kid/images_for_marking/blob/main/inference/Nikon_045/step1x_edit_v1p2___prompt_medium___qwen3_6@realsr_v2_____LR_____Nikon_045.png?raw=true	
https://github.com/empty-kid/images_for_marking/blob/main/inference/Nikon_045/Nikon_045.png?raw=true	https://github.com/empty-kid/images_for_marking/blob/main/inference/Nikon_045/step1x_edit_v1p2___prompt_medium___qwen3_vl@realsr_v2_____LR_____Nikon_045.png?raw=true	
https://github.com/empty-kid/images_for_marking/blob/main/inference/Nikon_045/Nikon_045.png?raw=true	https://github.com/empty-kid/images_for_marking/blob/main/inference/Nikon_045/z_image_img2img___prompt_medium___no_caption@realsr_v2_____LR_____Nikon_045.png?raw=true	
https://github.com/empty-kid/images_for_marking/blob/main/inference/Nikon_045/Nikon_045.png?raw=true	https://github.com/empty-kid/images_for_marking/blob/main/inference/Nikon_045/z_image_img2img___prompt_medium___qwen3_6@realsr_v2_____LR_____Nikon_045.png?raw=true	
https://github.com/empty-kid/images_for_marking/blob/main/inference/Nikon_048/Nikon_048.png?raw=true	https://github.com/empty-kid/images_for_marking/blob/main/inference/Nikon_048/flux1_kontext_dev___prompt_humanized___no_caption@realsr_v2_____LR_____Nikon_048.png?raw=true	
https://github.com/empty-kid/images_for_marking/blob/main/inference/Nikon_048/Nikon_048.png?raw=true	https://github.com/empty-kid/images_for_marking/blob/main/inference/Nikon_048/flux1_kontext_dev___prompt_humanized___qwen3_5@realsr_v2_____LR_____Nikon_048.png?raw=true	
https://github.com/empty-kid/images_for_marking/blob/main/inference/Nikon_048/Nikon_048.png?raw=true	https://github.com/empty-kid/images_for_marking/blob/main/inference/Nikon_048/flux1_kontext_dev___prompt_medium___no_caption@realsr_v2_____LR_____Nikon_048.png?raw=true	
https://github.com/empty-kid/images_for_marking/blob/main/inference/Nikon_048/Nikon_048.png?raw=true	https://github.com/empty-kid/images_for_marking/blob/main/inference/Nikon_048/flux1_kontext_dev___prompt_supir___qwen3_5@realsr_v2_____LR_____Nikon_048.png?raw=true	
https://github.com/empty-kid/images_for_marking/blob/main/inference/Nikon_048/Nikon_048.png?raw=true	https://github.com/empty-kid/images_for_marking/blob/main/inference/Nikon_048/flux2_dev___prompt_humanized___qwen3_5@realsr_v2_____LR_____Nikon_048.png?raw=true	
https://github.com/empty-kid/images_for_marking/blob/main/inference/Nikon_048/Nikon_048.png?raw=true	https://github.com/empty-kid/images_for_marking/blob/main/inference/Nikon_048/flux2_dev___prompt_medium___qwen3_5@realsr_v2_____LR_____Nikon_048.png?raw=true	
https://github.com/empty-kid/images_for_marking/blob/main/inference/Nikon_048/Nikon_048.png?raw=true	https://github.com/empty-kid/images_for_marking/blob/main/inference/Nikon_048/flux2_dev___prompt_supir___no_caption@realsr_v2_____LR_____Nikon_048.png?raw=true	
https://github.com/empty-kid/images_for_marking/blob/main/inference/Nikon_048/Nikon_048.png?raw=true	https://github.com/empty-kid/images_for_marking/blob/main/inference/Nikon_048/flux2_klein_base_4b___prompt_long___qwen3_6@realsr_v2_____LR_____Nikon_048.png?raw=true	
https://github.com/empty-kid/images_for_marking/blob/main/inference/Nikon_048/Nikon_048.png?raw=true	https://github.com/empty-kid/images_for_marking/blob/main/inference/Nikon_048/flux2_klein_base_4b___prompt_short___qwen3_vl@realsr_v2_____LR_____Nikon_048.png?raw=true	
https://github.com/empty-kid/images_for_marking/blob/main/inference/Nikon_048/Nikon_048.png?raw=true	https://github.com/empty-kid/images_for_marking/blob/main/inference/Nikon_048/flux2_klein_base_9b___prompt_short___no_caption@realsr_v2_____LR_____Nikon_048.png?raw=true	
https://github.com/empty-kid/images_for_marking/blob/main/inference/Nikon_048/Nikon_048.png?raw=true	https://github.com/empty-kid/images_for_marking/blob/main/inference/Nikon_048/hidream_o1_image_full___prompt_medium___no_caption@realsr_v2_____LR_____Nikon_048.png?raw=true	
https://github.com/empty-kid/images_for_marking/blob/main/inference/Nikon_048/Nikon_048.png?raw=true	https://github.com/empty-kid/images_for_marking/blob/main/inference/Nikon_048/hidream_o1_image_full___prompt_medium___qwen3_5@realsr_v2_____LR_____Nikon_048.png?raw=true	
https://github.com/empty-kid/images_for_marking/blob/main/inference/Nikon_048/Nikon_048.png?raw=true	https://github.com/empty-kid/images_for_marking/blob/main/inference/Nikon_048/hidream_o1_image_full___prompt_short___qwen3_vl@realsr_v2_____LR_____Nikon_048.png?raw=true	
https://github.com/empty-kid/images_for_marking/blob/main/inference/Nikon_048/Nikon_048.png?raw=true	https://github.com/empty-kid/images_for_marking/blob/main/inference/Nikon_048/hidream_o1_image_full___prompt_supir___qwen3_5@realsr_v2_____LR_____Nikon_048.png?raw=true	
https://github.com/empty-kid/images_for_marking/blob/main/inference/Nikon_048/Nikon_048.png?raw=true	https://github.com/empty-kid/images_for_marking/blob/main/inference/Nikon_048/hunyuan_image_3_instruct___prompt_short___qwen3_vl@realsr_v2_____LR_____Nikon_048.png?raw=true	
https://github.com/empty-kid/images_for_marking/blob/main/inference/Nikon_048/Nikon_048.png?raw=true	https://github.com/empty-kid/images_for_marking/blob/main/inference/Nikon_048/omnigen2___prompt_medium___qwen3_5@realsr_v2_____LR_____Nikon_048.png?raw=true	
https://github.com/empty-kid/images_for_marking/blob/main/inference/Nikon_048/Nikon_048.png?raw=true	https://github.com/empty-kid/images_for_marking/blob/main/inference/Nikon_048/omnigen2___prompt_medium___qwen3_6@realsr_v2_____LR_____Nikon_048.png?raw=true	
https://github.com/empty-kid/images_for_marking/blob/main/inference/Nikon_048/Nikon_048.png?raw=true	https://github.com/empty-kid/images_for_marking/blob/main/inference/Nikon_048/omnigen2___prompt_supir___no_caption@realsr_v2_____LR_____Nikon_048.png?raw=true	
https://github.com/empty-kid/images_for_marking/blob/main/inference/Nikon_048/Nikon_048.png?raw=true	https://github.com/empty-kid/images_for_marking/blob/main/inference/Nikon_048/qwen_image_2512_img2img___prompt_humanized___qwen3_vl@realsr_v2_____LR_____Nikon_048.png?raw=true	
https://github.com/empty-kid/images_for_marking/blob/main/inference/Nikon_048/Nikon_048.png?raw=true	https://github.com/empty-kid/images_for_marking/blob/main/inference/Nikon_048/qwen_image_2512_img2img___prompt_short___qwen3_5@realsr_v2_____LR_____Nikon_048.png?raw=true	
https://github.com/empty-kid/images_for_marking/blob/main/inference/Nikon_048/Nikon_048.png?raw=true	https://github.com/empty-kid/images_for_marking/blob/main/inference/Nikon_048/qwen_image_2512_img2img___prompt_supir___qwen3_5@realsr_v2_____LR_____Nikon_048.png?raw=true	
https://github.com/empty-kid/images_for_marking/blob/main/inference/Nikon_048/Nikon_048.png?raw=true	https://github.com/empty-kid/images_for_marking/blob/main/inference/Nikon_048/qwen_image_edit_2509___prompt_humanized___qwen3_6@realsr_v2_____LR_____Nikon_048.png?raw=true	
https://github.com/empty-kid/images_for_marking/blob/main/inference/Nikon_048/Nikon_048.png?raw=true	https://github.com/empty-kid/images_for_marking/blob/main/inference/Nikon_048/qwen_image_edit_2509___prompt_medium___no_caption@realsr_v2_____LR_____Nikon_048.png?raw=true	
https://github.com/empty-kid/images_for_marking/blob/main/inference/Nikon_048/Nikon_048.png?raw=true	https://github.com/empty-kid/images_for_marking/blob/main/inference/Nikon_048/qwen_image_edit_2511___prompt_humanized___no_caption@realsr_v2_____LR_____Nikon_048.png?raw=true	
https://github.com/empty-kid/images_for_marking/blob/main/inference/Nikon_048/Nikon_048.png?raw=true	https://github.com/empty-kid/images_for_marking/blob/main/inference/Nikon_048/qwen_image_edit___prompt_medium___no_caption@realsr_v2_____LR_____Nikon_048.png?raw=true	
https://github.com/empty-kid/images_for_marking/blob/main/inference/Nikon_048/Nikon_048.png?raw=true	https://github.com/empty-kid/images_for_marking/blob/main/inference/Nikon_048/qwen_image_edit___prompt_medium___qwen3_6@realsr_v2_____LR_____Nikon_048.png?raw=true	
https://github.com/empty-kid/images_for_marking/blob/main/inference/Nikon_048/Nikon_048.png?raw=true	https://github.com/empty-kid/images_for_marking/blob/main/inference/Nikon_048/qwen_image_edit___prompt_supir___no_caption@realsr_v2_____LR_____Nikon_048.png?raw=true	
https://github.com/empty-kid/images_for_marking/blob/main/inference/Nikon_048/Nikon_048.png?raw=true	https://github.com/empty-kid/images_for_marking/blob/main/inference/Nikon_048/qwen_image_edit___prompt_supir___qwen3_vl@realsr_v2_____LR_____Nikon_048.png?raw=true	
https://github.com/empty-kid/images_for_marking/blob/main/inference/Nikon_048/Nikon_048.png?raw=true	https://github.com/empty-kid/images_for_marking/blob/main/inference/Nikon_048/qwen_image_img2img___prompt_long___qwen3_6@realsr_v2_____LR_____Nikon_048.png?raw=true	
https://github.com/empty-kid/images_for_marking/blob/main/inference/Nikon_048/Nikon_048.png?raw=true	https://github.com/empty-kid/images_for_marking/blob/main/inference/Nikon_048/z_image_img2img___prompt_medium___no_caption@realsr_v2_____LR_____Nikon_048.png?raw=true	
https://github.com/empty-kid/images_for_marking/blob/main/inference/Nikon_049/Nikon_049.png?raw=true	https://github.com/empty-kid/images_for_marking/blob/main/inference/Nikon_049/flux1_kontext_dev___prompt_short___qwen3_vl@realsr_v2_____LR_____Nikon_049.png?raw=true	
https://github.com/empty-kid/images_for_marking/blob/main/inference/Nikon_049/Nikon_049.png?raw=true	https://github.com/empty-kid/images_for_marking/blob/main/inference/Nikon_049/flux2_dev___prompt_long___qwen3_5@realsr_v2_____LR_____Nikon_049.png?raw=true	
https://github.com/empty-kid/images_for_marking/blob/main/inference/Nikon_049/Nikon_049.png?raw=true	https://github.com/empty-kid/images_for_marking/blob/main/inference/Nikon_049/flux2_klein_base_4b___prompt_humanized___qwen3_5@realsr_v2_____LR_____Nikon_049.png?raw=true	
https://github.com/empty-kid/images_for_marking/blob/main/inference/Nikon_049/Nikon_049.png?raw=true	https://github.com/empty-kid/images_for_marking/blob/main/inference/Nikon_049/flux2_klein_base_4b___prompt_humanized___qwen3_vl@realsr_v2_____LR_____Nikon_049.png?raw=true	
https://github.com/empty-kid/images_for_marking/blob/main/inference/Nikon_049/Nikon_049.png?raw=true	https://github.com/empty-kid/images_for_marking/blob/main/inference/Nikon_049/flux2_klein_base_9b___prompt_long___qwen3_5@realsr_v2_____LR_____Nikon_049.png?raw=true	
https://github.com/empty-kid/images_for_marking/blob/main/inference/Nikon_049/Nikon_049.png?raw=true	https://github.com/empty-kid/images_for_marking/blob/main/inference/Nikon_049/flux2_klein_base_9b___prompt_supir___qwen3_5@realsr_v2_____LR_____Nikon_049.png?raw=true	
https://github.com/empty-kid/images_for_marking/blob/main/inference/Nikon_049/Nikon_049.png?raw=true	https://github.com/empty-kid/images_for_marking/blob/main/inference/Nikon_049/hidream_o1_image_full___prompt_short___qwen3_5@realsr_v2_____LR_____Nikon_049.png?raw=true	
https://github.com/empty-kid/images_for_marking/blob/main/inference/Nikon_049/Nikon_049.png?raw=true	https://github.com/empty-kid/images_for_marking/blob/main/inference/Nikon_049/hunyuan_image_3_instruct___prompt_long___no_caption@realsr_v2_____LR_____Nikon_049.png?raw=true	
https://github.com/empty-kid/images_for_marking/blob/main/inference/Nikon_049/Nikon_049.png?raw=true	https://github.com/empty-kid/images_for_marking/blob/main/inference/Nikon_049/hunyuan_image_3_instruct___prompt_long___qwen3_5@realsr_v2_____LR_____Nikon_049.png?raw=true	
https://github.com/empty-kid/images_for_marking/blob/main/inference/Nikon_049/Nikon_049.png?raw=true	https://github.com/empty-kid/images_for_marking/blob/main/inference/Nikon_049/omnigen2___prompt_humanized___no_caption@realsr_v2_____LR_____Nikon_049.png?raw=true	
https://github.com/empty-kid/images_for_marking/blob/main/inference/Nikon_049/Nikon_049.png?raw=true	https://github.com/empty-kid/images_for_marking/blob/main/inference/Nikon_049/omnigen2___prompt_long___qwen3_vl@realsr_v2_____LR_____Nikon_049.png?raw=true	
https://github.com/empty-kid/images_for_marking/blob/main/inference/Nikon_049/Nikon_049.png?raw=true	https://github.com/empty-kid/images_for_marking/blob/main/inference/Nikon_049/omnigen2___prompt_short___qwen3_vl@realsr_v2_____LR_____Nikon_049.png?raw=true	
https://github.com/empty-kid/images_for_marking/blob/main/inference/Nikon_049/Nikon_049.png?raw=true	https://github.com/empty-kid/images_for_marking/blob/main/inference/Nikon_049/qwen_image_2512_img2img___prompt_long___no_caption@realsr_v2_____LR_____Nikon_049.png?raw=true	
https://github.com/empty-kid/images_for_marking/blob/main/inference/Nikon_049/Nikon_049.png?raw=true	https://github.com/empty-kid/images_for_marking/blob/main/inference/Nikon_049/qwen_image_2512_img2img___prompt_medium___no_caption@realsr_v2_____LR_____Nikon_049.png?raw=true	
https://github.com/empty-kid/images_for_marking/blob/main/inference/Nikon_049/Nikon_049.png?raw=true	https://github.com/empty-kid/images_for_marking/blob/main/inference/Nikon_049/qwen_image_2512_img2img___prompt_supir___no_caption@realsr_v2_____LR_____Nikon_049.png?raw=true	
https://github.com/empty-kid/images_for_marking/blob/main/inference/Nikon_049/Nikon_049.png?raw=true	https://github.com/empty-kid/images_for_marking/blob/main/inference/Nikon_049/qwen_image_edit_2509___prompt_humanized___qwen3_6@realsr_v2_____LR_____Nikon_049.png?raw=true	
https://github.com/empty-kid/images_for_marking/blob/main/inference/Nikon_049/Nikon_049.png?raw=true	https://github.com/empty-kid/images_for_marking/blob/main/inference/Nikon_049/qwen_image_edit_2509___prompt_long___qwen3_5@realsr_v2_____LR_____Nikon_049.png?raw=true	
https://github.com/empty-kid/images_for_marking/blob/main/inference/Nikon_049/Nikon_049.png?raw=true	https://github.com/empty-kid/images_for_marking/blob/main/inference/Nikon_049/qwen_image_edit_2509___prompt_medium___qwen3_vl@realsr_v2_____LR_____Nikon_049.png?raw=true	
https://github.com/empty-kid/images_for_marking/blob/main/inference/Nikon_049/Nikon_049.png?raw=true	https://github.com/empty-kid/images_for_marking/blob/main/inference/Nikon_049/qwen_image_edit_2509___prompt_supir___qwen3_vl@realsr_v2_____LR_____Nikon_049.png?raw=true	
https://github.com/empty-kid/images_for_marking/blob/main/inference/Nikon_049/Nikon_049.png?raw=true	https://github.com/empty-kid/images_for_marking/blob/main/inference/Nikon_049/qwen_image_edit_2511___prompt_long___no_caption@realsr_v2_____LR_____Nikon_049.png?raw=true	
https://github.com/empty-kid/images_for_marking/blob/main/inference/Nikon_049/Nikon_049.png?raw=true	https://github.com/empty-kid/images_for_marking/blob/main/inference/Nikon_049/qwen_image_edit_2511___prompt_medium___qwen3_vl@realsr_v2_____LR_____Nikon_049.png?raw=true	
https://github.com/empty-kid/images_for_marking/blob/main/inference/Nikon_049/Nikon_049.png?raw=true	https://github.com/empty-kid/images_for_marking/blob/main/inference/Nikon_049/qwen_image_edit_2511___prompt_supir___qwen3_vl@realsr_v2_____LR_____Nikon_049.png?raw=true	
https://github.com/empty-kid/images_for_marking/blob/main/inference/Nikon_049/Nikon_049.png?raw=true	https://github.com/empty-kid/images_for_marking/blob/main/inference/Nikon_049/qwen_image_edit___prompt_humanized___qwen3_vl@realsr_v2_____LR_____Nikon_049.png?raw=true	
https://github.com/empty-kid/images_for_marking/blob/main/inference/Nikon_049/Nikon_049.png?raw=true	https://github.com/empty-kid/images_for_marking/blob/main/inference/Nikon_049/qwen_image_edit___prompt_supir___no_caption@realsr_v2_____LR_____Nikon_049.png?raw=true	
https://github.com/empty-kid/images_for_marking/blob/main/inference/Nikon_049/Nikon_049.png?raw=true	https://github.com/empty-kid/images_for_marking/blob/main/inference/Nikon_049/qwen_image_img2img___prompt_medium___qwen3_5@realsr_v2_____LR_____Nikon_049.png?raw=true	
https://github.com/empty-kid/images_for_marking/blob/main/inference/Nikon_049/Nikon_049.png?raw=true	https://github.com/empty-kid/images_for_marking/blob/main/inference/Nikon_049/qwen_image_img2img___prompt_supir___qwen3_5@realsr_v2_____LR_____Nikon_049.png?raw=true	
https://github.com/empty-kid/images_for_marking/blob/main/inference/Nikon_049/Nikon_049.png?raw=true	https://github.com/empty-kid/images_for_marking/blob/main/inference/Nikon_049/step1x_edit_v1p2___prompt_long___qwen3_vl@realsr_v2_____LR_____Nikon_049.png?raw=true	
https://github.com/empty-kid/images_for_marking/blob/main/inference/Nikon_049/Nikon_049.png?raw=true	https://github.com/empty-kid/images_for_marking/blob/main/inference/Nikon_049/step1x_edit_v1p2___prompt_medium___no_caption@realsr_v2_____LR_____Nikon_049.png?raw=true	
https://github.com/empty-kid/images_for_marking/blob/main/inference/Nikon_049/Nikon_049.png?raw=true	https://github.com/empty-kid/images_for_marking/blob/main/inference/Nikon_049/z_image_img2img___prompt_supir___qwen3_5@realsr_v2_____LR_____Nikon_049.png?raw=true	
https://github.com/empty-kid/images_for_marking/blob/main/inference/Nikon_049/Nikon_049.png?raw=true	https://github.com/empty-kid/images_for_marking/blob/main/inference/Nikon_049/z_image_img2img___prompt_supir___qwen3_6@realsr_v2_____LR_____Nikon_049.png?raw=true	
https://github.com/empty-kid/images_for_marking/blob/main/inference/img_048/img_048.png?raw=true	https://github.com/empty-kid/images_for_marking/blob/main/inference/img_048/flux1_kontext_dev___prompt_medium___qwen3_5@urban100_____LR_____img_048.png?raw=true	
https://github.com/empty-kid/images_for_marking/blob/main/inference/img_048/img_048.png?raw=true	https://github.com/empty-kid/images_for_marking/blob/main/inference/img_048/flux1_kontext_dev___prompt_short___no_caption@urban100_____LR_____img_048.png?raw=true	
https://github.com/empty-kid/images_for_marking/blob/main/inference/img_048/img_048.png?raw=true	https://github.com/empty-kid/images_for_marking/blob/main/inference/img_048/flux1_kontext_dev___prompt_supir___qwen3_vl@urban100_____LR_____img_048.png?raw=true	
https://github.com/empty-kid/images_for_marking/blob/main/inference/img_048/img_048.png?raw=true	https://github.com/empty-kid/images_for_marking/blob/main/inference/img_048/flux2_dev___prompt_long___qwen3_vl@urban100_____LR_____img_048.png?raw=true	
https://github.com/empty-kid/images_for_marking/blob/main/inference/img_048/img_048.png?raw=true	https://github.com/empty-kid/images_for_marking/blob/main/inference/img_048/flux2_dev___prompt_short___qwen3_5@urban100_____LR_____img_048.png?raw=true	
https://github.com/empty-kid/images_for_marking/blob/main/inference/img_048/img_048.png?raw=true	https://github.com/empty-kid/images_for_marking/blob/main/inference/img_048/flux2_klein_base_4b___prompt_medium___qwen3_5@urban100_____LR_____img_048.png?raw=true	
https://github.com/empty-kid/images_for_marking/blob/main/inference/img_048/img_048.png?raw=true	https://github.com/empty-kid/images_for_marking/blob/main/inference/img_048/flux2_klein_base_4b___prompt_short___qwen3_6@urban100_____LR_____img_048.png?raw=true	
https://github.com/empty-kid/images_for_marking/blob/main/inference/img_048/img_048.png?raw=true	https://github.com/empty-kid/images_for_marking/blob/main/inference/img_048/flux2_klein_base_9b___prompt_long___qwen3_5@urban100_____LR_____img_048.png?raw=true	
https://github.com/empty-kid/images_for_marking/blob/main/inference/img_048/img_048.png?raw=true	https://github.com/empty-kid/images_for_marking/blob/main/inference/img_048/flux2_klein_base_9b___prompt_medium___qwen3_vl@urban100_____LR_____img_048.png?raw=true	
https://github.com/empty-kid/images_for_marking/blob/main/inference/img_048/img_048.png?raw=true	https://github.com/empty-kid/images_for_marking/blob/main/inference/img_048/flux2_klein_base_9b___prompt_supir___no_caption@urban100_____LR_____img_048.png?raw=true	
https://github.com/empty-kid/images_for_marking/blob/main/inference/img_048/img_048.png?raw=true	https://github.com/empty-kid/images_for_marking/blob/main/inference/img_048/hidream_o1_image_full___prompt_medium___qwen3_6@urban100_____LR_____img_048.png?raw=true	
https://github.com/empty-kid/images_for_marking/blob/main/inference/img_048/img_048.png?raw=true	https://github.com/empty-kid/images_for_marking/blob/main/inference/img_048/omnigen2___prompt_humanized___qwen3_6@urban100_____LR_____img_048.png?raw=true	
https://github.com/empty-kid/images_for_marking/blob/main/inference/img_048/img_048.png?raw=true	https://github.com/empty-kid/images_for_marking/blob/main/inference/img_048/omnigen2___prompt_humanized___qwen3_vl@urban100_____LR_____img_048.png?raw=true	
https://github.com/empty-kid/images_for_marking/blob/main/inference/img_048/img_048.png?raw=true	https://github.com/empty-kid/images_for_marking/blob/main/inference/img_048/omnigen2___prompt_supir___no_caption@urban100_____LR_____img_048.png?raw=true	
https://github.com/empty-kid/images_for_marking/blob/main/inference/img_048/img_048.png?raw=true	https://github.com/empty-kid/images_for_marking/blob/main/inference/img_048/qwen_image_2512_img2img___prompt_medium___qwen3_vl@urban100_____LR_____img_048.png?raw=true	
https://github.com/empty-kid/images_for_marking/blob/main/inference/img_048/img_048.png?raw=true	https://github.com/empty-kid/images_for_marking/blob/main/inference/img_048/qwen_image_2512_img2img___prompt_supir___qwen3_5@urban100_____LR_____img_048.png?raw=true	
https://github.com/empty-kid/images_for_marking/blob/main/inference/img_048/img_048.png?raw=true	https://github.com/empty-kid/images_for_marking/blob/main/inference/img_048/qwen_image_edit_2509___prompt_humanized___qwen3_5@urban100_____LR_____img_048.png?raw=true	
https://github.com/empty-kid/images_for_marking/blob/main/inference/img_048/img_048.png?raw=true	https://github.com/empty-kid/images_for_marking/blob/main/inference/img_048/qwen_image_edit_2509___prompt_humanized___qwen3_vl@urban100_____LR_____img_048.png?raw=true	
https://github.com/empty-kid/images_for_marking/blob/main/inference/img_048/img_048.png?raw=true	https://github.com/empty-kid/images_for_marking/blob/main/inference/img_048/qwen_image_edit_2509___prompt_medium___no_caption@urban100_____LR_____img_048.png?raw=true	
https://github.com/empty-kid/images_for_marking/blob/main/inference/img_048/img_048.png?raw=true	https://github.com/empty-kid/images_for_marking/blob/main/inference/img_048/qwen_image_edit_2509___prompt_supir___no_caption@urban100_____LR_____img_048.png?raw=true	
https://github.com/empty-kid/images_for_marking/blob/main/inference/img_048/img_048.png?raw=true	https://github.com/empty-kid/images_for_marking/blob/main/inference/img_048/qwen_image_edit_2511___prompt_medium___qwen3_5@urban100_____LR_____img_048.png?raw=true	
https://github.com/empty-kid/images_for_marking/blob/main/inference/img_048/img_048.png?raw=true	https://github.com/empty-kid/images_for_marking/blob/main/inference/img_048/qwen_image_edit___prompt_humanized___qwen3_vl@urban100_____LR_____img_048.png?raw=true	
https://github.com/empty-kid/images_for_marking/blob/main/inference/img_048/img_048.png?raw=true	https://github.com/empty-kid/images_for_marking/blob/main/inference/img_048/qwen_image_edit___prompt_supir___no_caption@urban100_____LR_____img_048.png?raw=true	
https://github.com/empty-kid/images_for_marking/blob/main/inference/img_048/img_048.png?raw=true	https://github.com/empty-kid/images_for_marking/blob/main/inference/img_048/qwen_image_edit___prompt_supir___qwen3_5@urban100_____LR_____img_048.png?raw=true	
https://github.com/empty-kid/images_for_marking/blob/main/inference/img_048/img_048.png?raw=true	https://github.com/empty-kid/images_for_marking/blob/main/inference/img_048/qwen_image_img2img___prompt_medium___qwen3_vl@urban100_____LR_____img_048.png?raw=true	
https://github.com/empty-kid/images_for_marking/blob/main/inference/img_048/img_048.png?raw=true	https://github.com/empty-kid/images_for_marking/blob/main/inference/img_048/step1x_edit_v1p2___prompt_long___qwen3_5@urban100_____LR_____img_048.png?raw=true	
https://github.com/empty-kid/images_for_marking/blob/main/inference/img_048/img_048.png?raw=true	https://github.com/empty-kid/images_for_marking/blob/main/inference/img_048/step1x_edit_v1p2___prompt_medium___qwen3_vl@urban100_____LR_____img_048.png?raw=true	
https://github.com/empty-kid/images_for_marking/blob/main/inference/img_048/img_048.png?raw=true	https://github.com/empty-kid/images_for_marking/blob/main/inference/img_048/step1x_edit_v1p2___prompt_short___qwen3_vl@urban100_____LR_____img_048.png?raw=true	
https://github.com/empty-kid/images_for_marking/blob/main/inference/img_048/img_048.png?raw=true	https://github.com/empty-kid/images_for_marking/blob/main/inference/img_048/z_image_img2img___prompt_humanized___qwen3_6@urban100_____LR_____img_048.png?raw=true	
https://github.com/empty-kid/images_for_marking/blob/main/inference/img_048/img_048.png?raw=true	https://github.com/empty-kid/images_for_marking/blob/main/inference/img_048/z_image_img2img___prompt_long___no_caption@urban100_____LR_____img_048.png?raw=true	
https://github.com/empty-kid/images_for_marking/blob/main/inference/img_054/img_054.png?raw=true	https://github.com/empty-kid/images_for_marking/blob/main/inference/img_054/flux1_kontext_dev___prompt_humanized___no_caption@urban100_____LR_____img_054.png?raw=true	
https://github.com/empty-kid/images_for_marking/blob/main/inference/img_054/img_054.png?raw=true	https://github.com/empty-kid/images_for_marking/blob/main/inference/img_054/flux1_kontext_dev___prompt_medium___qwen3_5@urban100_____LR_____img_054.png?raw=true	
https://github.com/empty-kid/images_for_marking/blob/main/inference/img_054/img_054.png?raw=true	https://github.com/empty-kid/images_for_marking/blob/main/inference/img_054/flux2_dev___prompt_long___no_caption@urban100_____LR_____img_054.png?raw=true	
https://github.com/empty-kid/images_for_marking/blob/main/inference/img_054/img_054.png?raw=true	https://github.com/empty-kid/images_for_marking/blob/main/inference/img_054/flux2_klein_base_4b___prompt_humanized___qwen3_6@urban100_____LR_____img_054.png?raw=true	
https://github.com/empty-kid/images_for_marking/blob/main/inference/img_054/img_054.png?raw=true	https://github.com/empty-kid/images_for_marking/blob/main/inference/img_054/flux2_klein_base_4b___prompt_humanized___qwen3_vl@urban100_____LR_____img_054.png?raw=true	
https://github.com/empty-kid/images_for_marking/blob/main/inference/img_054/img_054.png?raw=true	https://github.com/empty-kid/images_for_marking/blob/main/inference/img_054/flux2_klein_base_4b___prompt_medium___qwen3_6@urban100_____LR_____img_054.png?raw=true	
https://github.com/empty-kid/images_for_marking/blob/main/inference/img_054/img_054.png?raw=true	https://github.com/empty-kid/images_for_marking/blob/main/inference/img_054/flux2_klein_base_4b___prompt_short___no_caption@urban100_____LR_____img_054.png?raw=true	
https://github.com/empty-kid/images_for_marking/blob/main/inference/img_054/img_054.png?raw=true	https://github.com/empty-kid/images_for_marking/blob/main/inference/img_054/flux2_klein_base_9b___prompt_long___qwen3_vl@urban100_____LR_____img_054.png?raw=true	
https://github.com/empty-kid/images_for_marking/blob/main/inference/img_054/img_054.png?raw=true	https://github.com/empty-kid/images_for_marking/blob/main/inference/img_054/hidream_o1_image_full___prompt_humanized___qwen3_6@urban100_____LR_____img_054.png?raw=true	
https://github.com/empty-kid/images_for_marking/blob/main/inference/img_054/img_054.png?raw=true	https://github.com/empty-kid/images_for_marking/blob/main/inference/img_054/hidream_o1_image_full___prompt_short___qwen3_5@urban100_____LR_____img_054.png?raw=true	
https://github.com/empty-kid/images_for_marking/blob/main/inference/img_054/img_054.png?raw=true	https://github.com/empty-kid/images_for_marking/blob/main/inference/img_054/omnigen2___prompt_humanized___qwen3_5@urban100_____LR_____img_054.png?raw=true	
https://github.com/empty-kid/images_for_marking/blob/main/inference/img_054/img_054.png?raw=true	https://github.com/empty-kid/images_for_marking/blob/main/inference/img_054/omnigen2___prompt_long___no_caption@urban100_____LR_____img_054.png?raw=true	
https://github.com/empty-kid/images_for_marking/blob/main/inference/img_054/img_054.png?raw=true	https://github.com/empty-kid/images_for_marking/blob/main/inference/img_054/omnigen2___prompt_long___qwen3_5@urban100_____LR_____img_054.png?raw=true	
https://github.com/empty-kid/images_for_marking/blob/main/inference/img_054/img_054.png?raw=true	https://github.com/empty-kid/images_for_marking/blob/main/inference/img_054/omnigen2___prompt_medium___qwen3_6@urban100_____LR_____img_054.png?raw=true	
https://github.com/empty-kid/images_for_marking/blob/main/inference/img_054/img_054.png?raw=true	https://github.com/empty-kid/images_for_marking/blob/main/inference/img_054/omnigen2___prompt_supir___no_caption@urban100_____LR_____img_054.png?raw=true	
https://github.com/empty-kid/images_for_marking/blob/main/inference/img_054/img_054.png?raw=true	https://github.com/empty-kid/images_for_marking/blob/main/inference/img_054/qwen_image_2512_img2img___prompt_medium___qwen3_5@urban100_____LR_____img_054.png?raw=true	
https://github.com/empty-kid/images_for_marking/blob/main/inference/img_054/img_054.png?raw=true	https://github.com/empty-kid/images_for_marking/blob/main/inference/img_054/qwen_image_edit_2509___prompt_long___qwen3_5@urban100_____LR_____img_054.png?raw=true	
https://github.com/empty-kid/images_for_marking/blob/main/inference/img_054/img_054.png?raw=true	https://github.com/empty-kid/images_for_marking/blob/main/inference/img_054/qwen_image_edit_2509___prompt_medium___no_caption@urban100_____LR_____img_054.png?raw=true	
https://github.com/empty-kid/images_for_marking/blob/main/inference/img_054/img_054.png?raw=true	https://github.com/empty-kid/images_for_marking/blob/main/inference/img_054/qwen_image_edit_2509___prompt_medium___qwen3_6@urban100_____LR_____img_054.png?raw=true	
https://github.com/empty-kid/images_for_marking/blob/main/inference/img_054/img_054.png?raw=true	https://github.com/empty-kid/images_for_marking/blob/main/inference/img_054/qwen_image_edit_2509___prompt_short___qwen3_6@urban100_____LR_____img_054.png?raw=true	
https://github.com/empty-kid/images_for_marking/blob/main/inference/img_054/img_054.png?raw=true	https://github.com/empty-kid/images_for_marking/blob/main/inference/img_054/qwen_image_edit_2511___prompt_humanized___qwen3_5@urban100_____LR_____img_054.png?raw=true	
https://github.com/empty-kid/images_for_marking/blob/main/inference/img_054/img_054.png?raw=true	https://github.com/empty-kid/images_for_marking/blob/main/inference/img_054/qwen_image_edit_2511___prompt_medium___qwen3_6@urban100_____LR_____img_054.png?raw=true	
https://github.com/empty-kid/images_for_marking/blob/main/inference/img_054/img_054.png?raw=true	https://github.com/empty-kid/images_for_marking/blob/main/inference/img_054/qwen_image_edit_2511___prompt_short___qwen3_vl@urban100_____LR_____img_054.png?raw=true	
https://github.com/empty-kid/images_for_marking/blob/main/inference/img_054/img_054.png?raw=true	https://github.com/empty-kid/images_for_marking/blob/main/inference/img_054/qwen_image_edit_2511___prompt_supir___qwen3_6@urban100_____LR_____img_054.png?raw=true	
https://github.com/empty-kid/images_for_marking/blob/main/inference/img_054/img_054.png?raw=true	https://github.com/empty-kid/images_for_marking/blob/main/inference/img_054/qwen_image_img2img___prompt_humanized___no_caption@urban100_____LR_____img_054.png?raw=true	
https://github.com/empty-kid/images_for_marking/blob/main/inference/img_054/img_054.png?raw=true	https://github.com/empty-kid/images_for_marking/blob/main/inference/img_054/qwen_image_img2img___prompt_humanized___qwen3_6@urban100_____LR_____img_054.png?raw=true	
https://github.com/empty-kid/images_for_marking/blob/main/inference/img_054/img_054.png?raw=true	https://github.com/empty-kid/images_for_marking/blob/main/inference/img_054/qwen_image_img2img___prompt_short___qwen3_6@urban100_____LR_____img_054.png?raw=true	
https://github.com/empty-kid/images_for_marking/blob/main/inference/img_054/img_054.png?raw=true	https://github.com/empty-kid/images_for_marking/blob/main/inference/img_054/step1x_edit_v1p2___prompt_short___qwen3_5@urban100_____LR_____img_054.png?raw=true	
https://github.com/empty-kid/images_for_marking/blob/main/inference/img_054/img_054.png?raw=true	https://github.com/empty-kid/images_for_marking/blob/main/inference/img_054/step1x_edit_v1p2___prompt_supir___qwen3_vl@urban100_____LR_____img_054.png?raw=true	
https://github.com/empty-kid/images_for_marking/blob/main/inference/img_054/img_054.png?raw=true	https://github.com/empty-kid/images_for_marking/blob/main/inference/img_054/z_image_img2img___prompt_short___qwen3_5@urban100_____LR_____img_054.png?raw=true	
https://github.com/empty-kid/images_for_marking/blob/main/inference/img_078/img_078.png?raw=true	https://github.com/empty-kid/images_for_marking/blob/main/inference/img_078/flux1_kontext_dev___prompt_medium___no_caption@urban100_____LR_____img_078.png?raw=true	
https://github.com/empty-kid/images_for_marking/blob/main/inference/img_078/img_078.png?raw=true	https://github.com/empty-kid/images_for_marking/blob/main/inference/img_078/flux1_kontext_dev___prompt_supir___qwen3_6@urban100_____LR_____img_078.png?raw=true	
https://github.com/empty-kid/images_for_marking/blob/main/inference/img_078/img_078.png?raw=true	https://github.com/empty-kid/images_for_marking/blob/main/inference/img_078/flux2_klein_base_4b___prompt_humanized___qwen3_6@urban100_____LR_____img_078.png?raw=true	
https://github.com/empty-kid/images_for_marking/blob/main/inference/img_078/img_078.png?raw=true	https://github.com/empty-kid/images_for_marking/blob/main/inference/img_078/flux2_klein_base_4b___prompt_medium___qwen3_vl@urban100_____LR_____img_078.png?raw=true	
https://github.com/empty-kid/images_for_marking/blob/main/inference/img_078/img_078.png?raw=true	https://github.com/empty-kid/images_for_marking/blob/main/inference/img_078/flux2_klein_base_4b___prompt_short___no_caption@urban100_____LR_____img_078.png?raw=true	
https://github.com/empty-kid/images_for_marking/blob/main/inference/img_078/img_078.png?raw=true	https://github.com/empty-kid/images_for_marking/blob/main/inference/img_078/flux2_klein_base_9b___prompt_humanized___no_caption@urban100_____LR_____img_078.png?raw=true	
https://github.com/empty-kid/images_for_marking/blob/main/inference/img_078/img_078.png?raw=true	https://github.com/empty-kid/images_for_marking/blob/main/inference/img_078/flux2_klein_base_9b___prompt_medium___qwen3_6@urban100_____LR_____img_078.png?raw=true	
https://github.com/empty-kid/images_for_marking/blob/main/inference/img_078/img_078.png?raw=true	https://github.com/empty-kid/images_for_marking/blob/main/inference/img_078/flux2_klein_base_9b___prompt_supir___qwen3_vl@urban100_____LR_____img_078.png?raw=true	
https://github.com/empty-kid/images_for_marking/blob/main/inference/img_078/img_078.png?raw=true	https://github.com/empty-kid/images_for_marking/blob/main/inference/img_078/hidream_o1_image_full___prompt_long___qwen3_5@urban100_____LR_____img_078.png?raw=true	
https://github.com/empty-kid/images_for_marking/blob/main/inference/img_078/img_078.png?raw=true	https://github.com/empty-kid/images_for_marking/blob/main/inference/img_078/hidream_o1_image_full___prompt_long___qwen3_vl@urban100_____LR_____img_078.png?raw=true	
https://github.com/empty-kid/images_for_marking/blob/main/inference/img_078/img_078.png?raw=true	https://github.com/empty-kid/images_for_marking/blob/main/inference/img_078/omnigen2___prompt_medium___qwen3_vl@urban100_____LR_____img_078.png?raw=true	
https://github.com/empty-kid/images_for_marking/blob/main/inference/img_078/img_078.png?raw=true	https://github.com/empty-kid/images_for_marking/blob/main/inference/img_078/omnigen2___prompt_supir___qwen3_vl@urban100_____LR_____img_078.png?raw=true	
https://github.com/empty-kid/images_for_marking/blob/main/inference/img_078/img_078.png?raw=true	https://github.com/empty-kid/images_for_marking/blob/main/inference/img_078/qwen_image_2512_img2img___prompt_humanized___qwen3_vl@urban100_____LR_____img_078.png?raw=true	
https://github.com/empty-kid/images_for_marking/blob/main/inference/img_078/img_078.png?raw=true	https://github.com/empty-kid/images_for_marking/blob/main/inference/img_078/qwen_image_2512_img2img___prompt_short___no_caption@urban100_____LR_____img_078.png?raw=true	
https://github.com/empty-kid/images_for_marking/blob/main/inference/img_078/img_078.png?raw=true	https://github.com/empty-kid/images_for_marking/blob/main/inference/img_078/qwen_image_edit_2509___prompt_humanized___qwen3_5@urban100_____LR_____img_078.png?raw=true	
https://github.com/empty-kid/images_for_marking/blob/main/inference/img_078/img_078.png?raw=true	https://github.com/empty-kid/images_for_marking/blob/main/inference/img_078/qwen_image_edit_2509___prompt_short___qwen3_6@urban100_____LR_____img_078.png?raw=true	
https://github.com/empty-kid/images_for_marking/blob/main/inference/img_078/img_078.png?raw=true	https://github.com/empty-kid/images_for_marking/blob/main/inference/img_078/qwen_image_edit_2509___prompt_supir___no_caption@urban100_____LR_____img_078.png?raw=true	
https://github.com/empty-kid/images_for_marking/blob/main/inference/img_078/img_078.png?raw=true	https://github.com/empty-kid/images_for_marking/blob/main/inference/img_078/qwen_image_edit_2511___prompt_medium___qwen3_5@urban100_____LR_____img_078.png?raw=true	
https://github.com/empty-kid/images_for_marking/blob/main/inference/img_078/img_078.png?raw=true	https://github.com/empty-kid/images_for_marking/blob/main/inference/img_078/qwen_image_edit_2511___prompt_short___no_caption@urban100_____LR_____img_078.png?raw=true	
https://github.com/empty-kid/images_for_marking/blob/main/inference/img_078/img_078.png?raw=true	https://github.com/empty-kid/images_for_marking/blob/main/inference/img_078/qwen_image_edit___prompt_humanized___no_caption@urban100_____LR_____img_078.png?raw=true	
https://github.com/empty-kid/images_for_marking/blob/main/inference/img_078/img_078.png?raw=true	https://github.com/empty-kid/images_for_marking/blob/main/inference/img_078/qwen_image_edit___prompt_medium___no_caption@urban100_____LR_____img_078.png?raw=true	
https://github.com/empty-kid/images_for_marking/blob/main/inference/img_078/img_078.png?raw=true	https://github.com/empty-kid/images_for_marking/blob/main/inference/img_078/qwen_image_edit___prompt_medium___qwen3_5@urban100_____LR_____img_078.png?raw=true	
https://github.com/empty-kid/images_for_marking/blob/main/inference/img_078/img_078.png?raw=true	https://github.com/empty-kid/images_for_marking/blob/main/inference/img_078/qwen_image_edit___prompt_short___no_caption@urban100_____LR_____img_078.png?raw=true	
https://github.com/empty-kid/images_for_marking/blob/main/inference/img_078/img_078.png?raw=true	https://github.com/empty-kid/images_for_marking/blob/main/inference/img_078/qwen_image_img2img___prompt_medium___qwen3_6@urban100_____LR_____img_078.png?raw=true	
https://github.com/empty-kid/images_for_marking/blob/main/inference/img_078/img_078.png?raw=true	https://github.com/empty-kid/images_for_marking/blob/main/inference/img_078/qwen_image_img2img___prompt_short___qwen3_vl@urban100_____LR_____img_078.png?raw=true	
https://github.com/empty-kid/images_for_marking/blob/main/inference/img_078/img_078.png?raw=true	https://github.com/empty-kid/images_for_marking/blob/main/inference/img_078/step1x_edit_v1p2___prompt_short___qwen3_6@urban100_____LR_____img_078.png?raw=true	
https://github.com/empty-kid/images_for_marking/blob/main/inference/img_078/img_078.png?raw=true	https://github.com/empty-kid/images_for_marking/blob/main/inference/img_078/z_image_img2img___prompt_long___no_caption@urban100_____LR_____img_078.png?raw=true	
https://github.com/empty-kid/images_for_marking/blob/main/inference/img_078/img_078.png?raw=true	https://github.com/empty-kid/images_for_marking/blob/main/inference/img_078/z_image_img2img___prompt_long___qwen3_vl@urban100_____LR_____img_078.png?raw=true	
https://github.com/empty-kid/images_for_marking/blob/main/inference/img_078/img_078.png?raw=true	https://github.com/empty-kid/images_for_marking/blob/main/inference/img_078/z_image_img2img___prompt_short___qwen3_vl@urban100_____LR_____img_078.png?raw=true	
https://github.com/empty-kid/images_for_marking/blob/main/inference/img_078/img_078.png?raw=true	https://github.com/empty-kid/images_for_marking/blob/main/inference/img_078/z_image_img2img___prompt_supir___qwen3_vl@urban100_____LR_____img_078.png?raw=true	
